{"zones": ["Nor", "Sou", "Eas", "Wes", "Cor"], "R_env": [0.04628872871398926, 0.03743811324238777, 0.032151877880096436, 0.05362800881266594, 0.03011530451476574], "C_air": [2135654.0, 1954134.25, 1878402.75, 2013965.625, 1803787.875], "G_ij": [[10.021047592163086, -5.203494548797607, -2.383713960647583, -2.4334826469421387, -0.0003557506715878844], [-5.203494548797607, 16.082521438598633, -2.3957326412200928, -4.611981391906738, -3.8713126182556152], [-2.383713960647583, -2.3957326412200928, 12.412861824035645, -4.233154296875, -3.4002606868743896], [-2.4334826469421387, -4.611981391906738, -4.233154296875, 12.850859642028809, -1.5722413063049316], [-0.0003557506715878844, -3.8713126182556152, -3.4002606868743896, -1.5722413063049316, 8.844169616699219]]}