test_case,tdis_tot,idis_tot,ener_tot,cost_tot,emis_tot,pele_tot,pgas_tot,pdih_tot,time_rat
bestest_air,0.3512022735910715,86.68749031971795,0.1078270011806704,0.0022746028050624097,0.03777836937665303,0.009760972776671338,0.060750946562301664,,1.5065059327242667e-05
bestest_hydronic_heat_pump,8.007461350517541,0.0,0.39322353250691855,0.09968216549050386,0.0656683299286554,0.018976809455691395,,,1.3183933949609946e-05
