time_s,zone_temp_K,time_h,zone_temp_C
900,293.2394291060647,0.25,20.0894291060647
1800,293.12793294817703,0.5,19.977932948177056
2700,293.13904985156626,0.75,19.98904985156628
3600,293.14030913227947,1.0,19.990309132279492
