{"zones": ["Nor", "Sou", "Eas", "Wes", "Cor"], "R_env": [0.01951047033071518, 0.02177276648581028, 0.02237956039607525, 0.021619761362671852, 0.019576627761125565], "C_air": [10000000.0, 10000000.0, 10000000.0, 10000000.0, 10000000.0], "G_ij": [[1.8477983474731445, -0.00038028956623747945, -0.21242988109588623, -4.855973384110257e-05, -1.6349396705627441], [-0.00038028956623747945, 0.8858259916305542, -0.38618960976600647, -0.49902546405792236, -0.00023062212858349085], [-0.21242988109588623, -0.38618960976600647, 0.6249568462371826, -0.0004926176625303924, -0.025844736024737358], [-4.855973384110257e-05, -0.49902546405792236, -0.0004926176625303924, 0.49964332580566406, -7.666737656109035e-05], [-1.6349396705627441, -0.00023062212858349085, -0.025844736024737358, -7.666737656109035e-05, 1.661091685295105]]}